Nombre,Sub18,Sub21,Sub23,Senior,Challenge
My Team,2.4347826086956523,2.7,2.7,2.8260869565217392,
SMA,1.0,4.0,4.0,4.0,['u18']
LTA,0,2.533333333333333,2.6470588235294117,2.736842105263158,"['u18', 'u21', 'u23', 'senior']"
